[
{
    "model": "sessions.session",
    "pk": "gox5u5eshyylfqa8oes401hgh44h096a",
    "fields": {
        "session_data": "MTIwNzc2NmQxMjY4NDM1Yzg1YTYzMGNiY2JkMGRmYmRhMmMwMWJkZDp7Il9hdXRoX3VzZXJfaGFzaCI6IjE0ZmVlMDBhNGIyNDA1NjEyY2JmZDI0MThmZTE2MGZjMGU0MWQ1NTUiLCJfYXV0aF91c2VyX2JhY2tlbmQiOiJhY2NvdW50cy5iYWNrZW5kcy5FbWFpbEF1dGgiLCJfYXV0aF91c2VyX2lkIjoiMTMifQ==",
        "expire_date": "2018-03-26T16:05:32.300Z"
    }
},
{
    "model": "sessions.session",
    "pk": "hw224w51knjsczvvwm4si78pwbefy5v5",
    "fields": {
        "session_data": "YzljYzRkYThjZTExNDE2M2RkZGQwZjg3ODU2OWE4MTc3ZDYzNjkwYjp7Il9hdXRoX3VzZXJfaGFzaCI6ImE3ZTA3ZjA2OGFhMzc2MWVkNjgyMTI4NmQwYjJlN2JkOGM3MmJhYWIiLCJfYXV0aF91c2VyX2JhY2tlbmQiOiJkamFuZ28uY29udHJpYi5hdXRoLmJhY2tlbmRzLk1vZGVsQmFja2VuZCIsIl9hdXRoX3VzZXJfaWQiOiIxIn0=",
        "expire_date": "2018-03-18T22:16:37.936Z"
    }
},
{
    "model": "sessions.session",
    "pk": "ri9k0lw1q8u722eha69vfevekv6a7hoy",
    "fields": {
        "session_data": "MmI5MDhlYjk0OTcxZTlkYzBkYjM2Njc1MDEzNzE0OTkwODk1YzQ0OTp7fQ==",
        "expire_date": "2018-03-20T23:55:37.405Z"
    }
},
{
    "model": "sessions.session",
    "pk": "unf6jz9s44dppjmdfugqg7omdbdiiv0x",
    "fields": {
        "session_data": "MmI5MDhlYjk0OTcxZTlkYzBkYjM2Njc1MDEzNzE0OTkwODk1YzQ0OTp7fQ==",
        "expire_date": "2018-03-21T11:10:00.965Z"
    }
},
{
    "model": "sessions.session",
    "pk": "zdanq0lp9379jgrszjhv9btl7ezbxkz6",
    "fields": {
        "session_data": "YzljYzRkYThjZTExNDE2M2RkZGQwZjg3ODU2OWE4MTc3ZDYzNjkwYjp7Il9hdXRoX3VzZXJfaGFzaCI6ImE3ZTA3ZjA2OGFhMzc2MWVkNjgyMTI4NmQwYjJlN2JkOGM3MmJhYWIiLCJfYXV0aF91c2VyX2JhY2tlbmQiOiJkamFuZ28uY29udHJpYi5hdXRoLmJhY2tlbmRzLk1vZGVsQmFja2VuZCIsIl9hdXRoX3VzZXJfaWQiOiIxIn0=",
        "expire_date": "2018-03-23T20:16:50.209Z"
    }
},
{
    "model": "sites.site",
    "pk": 2,
    "fields": {
        "domain": "example.com",
        "name": "example.com"
    }
},
{
    "model": "sites.site",
    "pk": 3,
    "fields": {
        "domain": "localhost",
        "name": "localhost"
    }
},
{
    "model": "flatpages.flatpage",
    "pk": 1,
    "fields": {
        "url": "/pages/about/",
        "title": "About Me",
        "content": "Lorem ipsum dolor sit amet, consectetur adipiscing elit. Donec imperdiet nisi non tincidunt vehicula. Suspendisse faucibus ex sed eros interdum elementum. Nam tempus risus tellus, id luctus lectus placerat at. Fusce sagittis congue tortor, quis convallis sapien eleifend placerat. Etiam ac metus nulla. Phasellus laoreet posuere lobortis. Vestibulum erat diam, volutpat non ornare egestas, iaculis scelerisque erat. Sed nulla nisi, suscipit eget commodo quis, pharetra sed nisi. Vivamus auctor tellus velit, vel rhoncus leo accumsan at. Nullam varius ultricies venenatis.",
        "enable_comments": false,
        "template_name": "",
        "registration_required": false,
        "sites": [
            [
                "localhost"
            ]
        ]
    }
},
{
    "model": "flatpages.flatpage",
    "pk": 2,
    "fields": {
        "url": "/pages/contact/",
        "title": "Contact",
        "content": "Andrew Stead\r\n07955 952785",
        "enable_comments": false,
        "template_name": "",
        "registration_required": false,
        "sites": [
            [
                "localhost"
            ]
        ]
    }
},
{
    "model": "accounts.user",
    "pk": 1,
    "fields": {
        "password": "pbkdf2_sha256$36000$XRasQ6wQ3X0b$dWUhuHUlw+zjLGzt6GsbKkhU6XvO9nIt2c4H/0z2gTo=",
        "last_login": "2018-03-12T12:10:19.100Z",
        "is_superuser": true,
        "username": "andrew@stead.org.uk",
        "first_name": "",
        "last_name": "",
        "email": "andrew@stead.org.uk",
        "is_staff": true,
        "is_active": true,
        "date_joined": "2018-03-04T22:14:37.565Z",
        "stripe_id": "",
        "subscription_end": "2018-03-07T11:05:06.398Z",
        "groups": [],
        "user_permissions": []
    }
},
{
    "model": "accounts.user",
    "pk": 5,
    "fields": {
        "password": "pbkdf2_sha256$36000$lAILfbxYqQSl$aSqF3LkQkYE3yYJpCPdd6rlOmWy0OjV20vl3Q0DSar8=",
        "last_login": null,
        "is_superuser": false,
        "username": "test@test.test",
        "first_name": "",
        "last_name": "",
        "email": "test@test.test",
        "is_staff": false,
        "is_active": true,
        "date_joined": "2018-03-06T10:11:53.473Z",
        "stripe_id": "tok_1C2clrBg6YaYnrv9it5qUIKz",
        "subscription_end": "2018-03-07T11:05:06.398Z",
        "groups": [],
        "user_permissions": []
    }
},
{
    "model": "accounts.user",
    "pk": 6,
    "fields": {
        "password": "pbkdf2_sha256$36000$hGr9hhU7bbbM$vUFGDfSBZL3aj0bAj2Zid5XYwKF2/yUA2Ygbw3nGCtU=",
        "last_login": "2018-03-06T10:16:34.280Z",
        "is_superuser": false,
        "username": "cheese@crackers.com",
        "first_name": "",
        "last_name": "",
        "email": "cheese@crackers.com",
        "is_staff": false,
        "is_active": true,
        "date_joined": "2018-03-06T10:16:30.250Z",
        "stripe_id": "tok_1C2cqJBg6YaYnrv9RrWoTVXO",
        "subscription_end": "2018-03-07T11:05:06.398Z",
        "groups": [],
        "user_permissions": []
    }
},
{
    "model": "accounts.user",
    "pk": 7,
    "fields": {
        "password": "pbkdf2_sha256$36000$d1v9omktCnF2$n+l141RV+HjZ/HTuu8Mm6+ZOSyDYlRk+aj7sagMCiUE=",
        "last_login": "2018-03-06T10:26:32.355Z",
        "is_superuser": false,
        "username": "crackers@cheese.com",
        "first_name": "",
        "last_name": "",
        "email": "crackers@cheese.com",
        "is_staff": false,
        "is_active": true,
        "date_joined": "2018-03-06T10:26:27.841Z",
        "stripe_id": "tok_1C2czxBg6YaYnrv9NJgieSMO",
        "subscription_end": "2018-03-07T11:05:06.398Z",
        "groups": [],
        "user_permissions": []
    }
},
{
    "model": "accounts.user",
    "pk": 8,
    "fields": {
        "password": "pbkdf2_sha256$36000$UryqgJ7w7sR5$f/g6KkHfnEBi4oRko5aOrKt7+WuS2yCpcyA5BLjetkY=",
        "last_login": null,
        "is_superuser": false,
        "username": "me@me.com",
        "first_name": "",
        "last_name": "",
        "email": "me@me.com",
        "is_staff": false,
        "is_active": true,
        "date_joined": "2018-03-06T23:55:31.200Z",
        "stripe_id": "tok_1C2pcvBg6YaYnrv92LEslL0I",
        "subscription_end": "2018-03-07T11:05:06.398Z",
        "groups": [],
        "user_permissions": []
    }
},
{
    "model": "accounts.user",
    "pk": 9,
    "fields": {
        "password": "pbkdf2_sha256$36000$j7dQ1LT9oMa1$1LK84Tlwgb681Dj6PE2tb8S7ALIaGMYDW0LyflJqJao=",
        "last_login": "2018-03-07T00:08:31.594Z",
        "is_superuser": false,
        "username": "test2@test.test",
        "first_name": "",
        "last_name": "",
        "email": "test2@test.test",
        "is_staff": false,
        "is_active": true,
        "date_joined": "2018-03-07T00:08:11.317Z",
        "stripe_id": "tok_1C2ppBBg6YaYnrv9d5TheTz1",
        "subscription_end": "2018-03-07T11:05:06.398Z",
        "groups": [],
        "user_permissions": []
    }
},
{
    "model": "accounts.user",
    "pk": 10,
    "fields": {
        "password": "pbkdf2_sha256$36000$kn9Jasf0zYVX$2/kW2Dr781Of7St6Ep4n+nSyo1MKBKW2eK1tnpA8CLw=",
        "last_login": "2018-03-07T14:04:58.511Z",
        "is_superuser": false,
        "username": "cow@cow.com",
        "first_name": "",
        "last_name": "",
        "email": "cow@cow.com",
        "is_staff": false,
        "is_active": true,
        "date_joined": "2018-03-07T00:26:29.589Z",
        "stripe_id": "tok_1C2q6tBg6YaYnrv9L8gnem7J",
        "subscription_end": "2018-03-07T11:05:06.398Z",
        "groups": [],
        "user_permissions": []
    }
},
{
    "model": "accounts.user",
    "pk": 11,
    "fields": {
        "password": "pbkdf2_sha256$36000$azM8ApNlnikM$CbDhfox9BWfklYcPr5i34hfWirkTHjn2ExZy6Doyc7U=",
        "last_login": "2018-03-07T09:44:32.989Z",
        "is_superuser": false,
        "username": "test3@test.test",
        "first_name": "",
        "last_name": "",
        "email": "test3@test.test",
        "is_staff": false,
        "is_active": true,
        "date_joined": "2018-03-07T09:44:12.328Z",
        "stripe_id": "tok_1C2yocBg6YaYnrv9ppGvkZjI",
        "subscription_end": "2018-03-07T11:05:06.398Z",
        "groups": [],
        "user_permissions": []
    }
},
{
    "model": "accounts.user",
    "pk": 12,
    "fields": {
        "password": "pbkdf2_sha256$36000$cTt2uqqfo5UD$QzK8Q2XOB38GU5dXmlDz+3bsRogUxCfFvf0BoaV3ZNY=",
        "last_login": null,
        "is_superuser": false,
        "username": "test4@test.test",
        "first_name": "",
        "last_name": "",
        "email": "test4@test.test",
        "is_staff": false,
        "is_active": true,
        "date_joined": "2018-03-07T11:09:57.072Z",
        "stripe_id": "cus_CRtxOvtUSk5nCZ",
        "subscription_end": "2018-04-04T10:10:00.734Z",
        "groups": [],
        "user_permissions": []
    }
},
{
    "model": "accounts.user",
    "pk": 13,
    "fields": {
        "password": "pbkdf2_sha256$36000$V4lqpqJ5DYEF$uoEhlPMeHAeP9pavfIPpZytiOQpjxrw8nxbBkMXsL8Q=",
        "last_login": "2018-03-12T16:05:31.963Z",
        "is_superuser": false,
        "username": "test5@test.test",
        "first_name": "",
        "last_name": "",
        "email": "test5@test.test",
        "is_staff": false,
        "is_active": true,
        "date_joined": "2018-03-07T11:12:05Z",
        "stripe_id": "cus_CRtzFjiMUgJ97h",
        "subscription_end": "2018-04-04T18:46:22Z",
        "groups": [],
        "user_permissions": []
    }
},
{
    "model": "reusable_blog.post",
    "pk": 1,
    "fields": {
        "author": [
            "test5@test.test"
        ],
        "title": "Sample Post",
        "content": "A random collection of nonsensical gibberish. Nothing but a load of meaningless, meandering drivel with no purpose other than to check whether or not, by some miracle, this is actually working as it should.",
        "created_date": "2018-03-08T00:10:18.538Z",
        "published_date": "2018-03-08T00:59:49.974Z",
        "views": 14,
        "tag": null,
        "image": "images/Belfast_Bees_ffc001_ffffff.png"
    }
},
{
    "model": "reusable_blog.post",
    "pk": 2,
    "fields": {
        "author": [
            "test5@test.test"
        ],
        "title": "Another Sample Post",
        "content": "More total nonsense, designed purely to check the image posting.",
        "created_date": "2018-03-08T01:01:59.242Z",
        "published_date": "2018-03-08T01:01:59.241Z",
        "views": 4,
        "tag": null,
        "image": "images/Portsmouth_Destroyers_254061_ffffff.png"
    }
},
{
    "model": "threads.subject",
    "pk": 1,
    "fields": {
        "name": "Subject One",
        "description": "<p>A sample subject.</p>"
    }
},
{
    "model": "threads.subject",
    "pk": 2,
    "fields": {
        "name": "Subject Two",
        "description": "<p>Another sample subject.</p>"
    }
},
{
    "model": "threads.thread",
    "pk": 1,
    "fields": {
        "name": "A sample thread.",
        "user": [
            "test5@test.test"
        ],
        "subject": 1,
        "created_at": "2018-03-08T23:58:40.797Z"
    }
},
{
    "model": "threads.thread",
    "pk": 2,
    "fields": {
        "name": "Another Sample Thread",
        "user": [
            "test5@test.test"
        ],
        "subject": 1,
        "created_at": "2018-03-09T16:26:30.307Z"
    }
},
{
    "model": "threads.thread",
    "pk": 3,
    "fields": {
        "name": "Third Sample Thread",
        "user": [
            "test5@test.test"
        ],
        "subject": 1,
        "created_at": "2018-03-09T16:36:08.946Z"
    }
},
{
    "model": "threads.thread",
    "pk": 4,
    "fields": {
        "name": "Fourth Sample Thread",
        "user": [
            "test5@test.test"
        ],
        "subject": 1,
        "created_at": "2018-03-09T16:50:23.010Z"
    }
},
{
    "model": "threads.thread",
    "pk": 5,
    "fields": {
        "name": "Fifth Sample Thread",
        "user": [
            "test5@test.test"
        ],
        "subject": 1,
        "created_at": "2018-03-09T17:08:35.550Z"
    }
},
{
    "model": "threads.thread",
    "pk": 6,
    "fields": {
        "name": "Sixth Sample Thread",
        "user": [
            "test5@test.test"
        ],
        "subject": 1,
        "created_at": "2018-03-09T17:09:59.704Z"
    }
},
{
    "model": "threads.post",
    "pk": 1,
    "fields": {
        "thread": 1,
        "comment": "<p>A sample post that has been edited.</p>",
        "user": [
            "test5@test.test"
        ],
        "created_at": "2018-03-08T23:58:40.798Z"
    }
},
{
    "model": "threads.post",
    "pk": 3,
    "fields": {
        "thread": 2,
        "comment": "<p>To test the polls.</p>",
        "user": [
            "test5@test.test"
        ],
        "created_at": "2018-03-09T16:26:30.308Z"
    }
},
{
    "model": "threads.post",
    "pk": 4,
    "fields": {
        "thread": 3,
        "comment": "<p>Another poll test.</p>",
        "user": [
            "test5@test.test"
        ],
        "created_at": "2018-03-09T16:36:08.947Z"
    }
},
{
    "model": "threads.post",
    "pk": 5,
    "fields": {
        "thread": 4,
        "comment": "<p>Trying again with a poll.</p>",
        "user": [
            "test5@test.test"
        ],
        "created_at": "2018-03-09T16:50:23.011Z"
    }
},
{
    "model": "threads.post",
    "pk": 6,
    "fields": {
        "thread": 5,
        "comment": "<p>Trying AGAIN without a poll after fixing jQuery.</p>",
        "user": [
            "test5@test.test"
        ],
        "created_at": "2018-03-09T17:08:35.551Z"
    }
},
{
    "model": "threads.post",
    "pk": 7,
    "fields": {
        "thread": 6,
        "comment": "<p>One more with a poll.</p>",
        "user": [
            "test5@test.test"
        ],
        "created_at": "2018-03-09T17:09:59.707Z"
    }
},
{
    "model": "polls.poll",
    "pk": 1,
    "fields": {
        "question": "Nothing",
        "thread": 2
    }
},
{
    "model": "polls.poll",
    "pk": 2,
    "fields": {
        "question": "Anything",
        "thread": 3
    }
},
{
    "model": "polls.poll",
    "pk": 3,
    "fields": {
        "question": "Something",
        "thread": 4
    }
},
{
    "model": "polls.poll",
    "pk": 4,
    "fields": {
        "question": "Is this ridiculous?",
        "thread": 6
    }
},
{
    "model": "polls.pollsubject",
    "pk": 1,
    "fields": {
        "name": "Something",
        "poll": 1
    }
},
{
    "model": "polls.pollsubject",
    "pk": 2,
    "fields": {
        "name": "Anything",
        "poll": 1
    }
},
{
    "model": "polls.pollsubject",
    "pk": 3,
    "fields": {
        "name": "Whatever",
        "poll": 1
    }
},
{
    "model": "polls.pollsubject",
    "pk": 4,
    "fields": {
        "name": "Does",
        "poll": 2
    }
},
{
    "model": "polls.pollsubject",
    "pk": 5,
    "fields": {
        "name": "This",
        "poll": 2
    }
},
{
    "model": "polls.pollsubject",
    "pk": 6,
    "fields": {
        "name": "Work",
        "poll": 2
    }
},
{
    "model": "polls.pollsubject",
    "pk": 7,
    "fields": {
        "name": "What",
        "poll": 3
    }
},
{
    "model": "polls.pollsubject",
    "pk": 8,
    "fields": {
        "name": "Is",
        "poll": 3
    }
},
{
    "model": "polls.pollsubject",
    "pk": 9,
    "fields": {
        "name": "Wrong",
        "poll": 3
    }
},
{
    "model": "polls.pollsubject",
    "pk": 10,
    "fields": {
        "name": "Yes",
        "poll": 4
    }
},
{
    "model": "polls.pollsubject",
    "pk": 11,
    "fields": {
        "name": "Of Course",
        "poll": 4
    }
},
{
    "model": "polls.pollsubject",
    "pk": 12,
    "fields": {
        "name": "Definitely",
        "poll": 4
    }
},
{
    "model": "polls.vote",
    "pk": 1,
    "fields": {
        "poll": 4,
        "subject": 12,
        "user": [
            "test5@test.test"
        ]
    }
},
{
    "model": "polls.vote",
    "pk": 2,
    "fields": {
        "poll": 4,
        "subject": 11,
        "user": [
            "andrew@stead.org.uk"
        ]
    }
},
{
    "model": "products.product",
    "pk": 1,
    "fields": {
        "name": "A Product",
        "description": "Something completely useless.",
        "price": "19.99"
    }
},
{
    "model": "products.product",
    "pk": 2,
    "fields": {
        "name": "Another Product",
        "description": "Badly made, over priced rubbish.",
        "price": "99.99"
    }
},
{
    "model": "magazines.magazine",
    "pk": 1,
    "fields": {
        "name": "A Magazine",
        "description": "It's not very interesting.",
        "price": "5.00"
    }
},
{
    "model": "magazines.magazine",
    "pk": 2,
    "fields": {
        "name": "Another Magazine",
        "description": "Even more boring than the last.",
        "price": "7.50"
    }
},
{
    "model": "admin.logentry",
    "pk": 1,
    "fields": {
        "action_time": "2018-03-04T22:20:07.011Z",
        "user": [
            "andrew@stead.org.uk"
        ],
        "content_type": [
            "sites",
            "site"
        ],
        "object_id": "3",
        "object_repr": "localhost",
        "action_flag": 1,
        "change_message": "[{\"added\": {}}]"
    }
},
{
    "model": "admin.logentry",
    "pk": 2,
    "fields": {
        "action_time": "2018-03-04T22:22:14.080Z",
        "user": [
            "andrew@stead.org.uk"
        ],
        "content_type": [
            "flatpages",
            "flatpage"
        ],
        "object_id": "1",
        "object_repr": "/pages/about/ -- About Me",
        "action_flag": 1,
        "change_message": "[{\"added\": {}}]"
    }
},
{
    "model": "admin.logentry",
    "pk": 3,
    "fields": {
        "action_time": "2018-03-04T22:26:31.341Z",
        "user": [
            "andrew@stead.org.uk"
        ],
        "content_type": [
            "flatpages",
            "flatpage"
        ],
        "object_id": "2",
        "object_repr": "/pages/contact/ -- Contact",
        "action_flag": 1,
        "change_message": "[{\"added\": {}}]"
    }
},
{
    "model": "admin.logentry",
    "pk": 4,
    "fields": {
        "action_time": "2018-03-07T19:41:21.377Z",
        "user": [
            "andrew@stead.org.uk"
        ],
        "content_type": [
            "accounts",
            "user"
        ],
        "object_id": "13",
        "object_repr": "test5@test.test",
        "action_flag": 2,
        "change_message": "[{\"changed\": {\"fields\": [\"subscription_end\"]}}]"
    }
},
{
    "model": "admin.logentry",
    "pk": 5,
    "fields": {
        "action_time": "2018-03-07T19:42:10.130Z",
        "user": [
            "andrew@stead.org.uk"
        ],
        "content_type": [
            "accounts",
            "user"
        ],
        "object_id": "13",
        "object_repr": "test5@test.test",
        "action_flag": 2,
        "change_message": "[{\"changed\": {\"fields\": [\"subscription_end\"]}}]"
    }
},
{
    "model": "admin.logentry",
    "pk": 6,
    "fields": {
        "action_time": "2018-03-07T21:16:39.425Z",
        "user": [
            "andrew@stead.org.uk"
        ],
        "content_type": [
            "accounts",
            "user"
        ],
        "object_id": "13",
        "object_repr": "test5@test.test",
        "action_flag": 2,
        "change_message": "[{\"changed\": {\"fields\": [\"date_joined\", \"subscription_end\"]}}]"
    }
},
{
    "model": "admin.logentry",
    "pk": 7,
    "fields": {
        "action_time": "2018-03-07T21:18:07.685Z",
        "user": [
            "andrew@stead.org.uk"
        ],
        "content_type": [
            "accounts",
            "user"
        ],
        "object_id": "13",
        "object_repr": "test5@test.test",
        "action_flag": 2,
        "change_message": "[{\"changed\": {\"fields\": [\"date_joined\", \"subscription_end\"]}}]"
    }
},
{
    "model": "admin.logentry",
    "pk": 8,
    "fields": {
        "action_time": "2018-03-07T21:32:55.835Z",
        "user": [
            "andrew@stead.org.uk"
        ],
        "content_type": [
            "accounts",
            "user"
        ],
        "object_id": "13",
        "object_repr": "test5@test.test",
        "action_flag": 2,
        "change_message": "[{\"changed\": {\"fields\": [\"date_joined\", \"subscription_end\"]}}]"
    }
},
{
    "model": "admin.logentry",
    "pk": 9,
    "fields": {
        "action_time": "2018-03-07T21:36:51.735Z",
        "user": [
            "andrew@stead.org.uk"
        ],
        "content_type": [
            "accounts",
            "user"
        ],
        "object_id": "13",
        "object_repr": "test5@test.test",
        "action_flag": 2,
        "change_message": "[{\"changed\": {\"fields\": [\"date_joined\", \"subscription_end\"]}}]"
    }
},
{
    "model": "admin.logentry",
    "pk": 10,
    "fields": {
        "action_time": "2018-03-08T12:31:32.924Z",
        "user": [
            "andrew@stead.org.uk"
        ],
        "content_type": [
            "threads",
            "subject"
        ],
        "object_id": "1",
        "object_repr": "Cheese",
        "action_flag": 1,
        "change_message": "[{\"added\": {}}]"
    }
},
{
    "model": "admin.logentry",
    "pk": 11,
    "fields": {
        "action_time": "2018-03-08T12:31:48.846Z",
        "user": [
            "andrew@stead.org.uk"
        ],
        "content_type": [
            "threads",
            "subject"
        ],
        "object_id": "2",
        "object_repr": "Crackers",
        "action_flag": 1,
        "change_message": "[{\"added\": {}}]"
    }
},
{
    "model": "admin.logentry",
    "pk": 12,
    "fields": {
        "action_time": "2018-03-12T12:13:21.759Z",
        "user": [
            "andrew@stead.org.uk"
        ],
        "content_type": [
            "products",
            "product"
        ],
        "object_id": "1",
        "object_repr": "Cheese",
        "action_flag": 1,
        "change_message": "[{\"added\": {}}]"
    }
},
{
    "model": "admin.logentry",
    "pk": 13,
    "fields": {
        "action_time": "2018-03-12T12:13:55.325Z",
        "user": [
            "andrew@stead.org.uk"
        ],
        "content_type": [
            "products",
            "product"
        ],
        "object_id": "2",
        "object_repr": "Crackers",
        "action_flag": 1,
        "change_message": "[{\"added\": {}}]"
    }
},
{
    "model": "admin.logentry",
    "pk": 14,
    "fields": {
        "action_time": "2018-03-12T15:47:10.715Z",
        "user": [
            "andrew@stead.org.uk"
        ],
        "content_type": [
            "magazines",
            "magazine"
        ],
        "object_id": "1",
        "object_repr": "A Magazine",
        "action_flag": 1,
        "change_message": "[{\"added\": {}}]"
    }
},
{
    "model": "admin.logentry",
    "pk": 15,
    "fields": {
        "action_time": "2018-03-12T15:48:00.058Z",
        "user": [
            "andrew@stead.org.uk"
        ],
        "content_type": [
            "magazines",
            "magazine"
        ],
        "object_id": "2",
        "object_repr": "Another Magazine",
        "action_flag": 1,
        "change_message": "[{\"added\": {}}]"
    }
},
{
    "model": "admin.logentry",
    "pk": 16,
    "fields": {
        "action_time": "2018-03-12T16:19:34.589Z",
        "user": [
            "andrew@stead.org.uk"
        ],
        "content_type": [
            "products",
            "product"
        ],
        "object_id": "1",
        "object_repr": "A Product",
        "action_flag": 2,
        "change_message": "[{\"changed\": {\"fields\": [\"name\", \"description\", \"price\"]}}]"
    }
},
{
    "model": "admin.logentry",
    "pk": 17,
    "fields": {
        "action_time": "2018-03-12T16:20:19.628Z",
        "user": [
            "andrew@stead.org.uk"
        ],
        "content_type": [
            "products",
            "product"
        ],
        "object_id": "2",
        "object_repr": "Another Product",
        "action_flag": 2,
        "change_message": "[{\"changed\": {\"fields\": [\"name\", \"description\", \"price\"]}}]"
    }
}
]
